URL,Issues,URL length,URL protocol,Is in sitemap,Status code,Blocked by robots.txt,TTFB,Loading time,Robots meta tag,X-Robots-Tag,Title,Title length,Duplicate title,Description,Description length,Duplicate description,Canonical URL,Meta refresh redirects,Hreflang tags,Hreflang,H1,Duplicate H1,H1 length,Single H1,H2,H2 length,Single H2,H3,H4,H5,H6,Text to HTML ratio,HTML size,Word counts,Page size,Depth,Images,Image size,CSS size,JS size,Referring pages,Refresh redirect time,Nofollow/Dofollow,Inlinks,Inlinks dofollow,Inlinks nofollow,Redirect inlinks,Redirects,Internal outlinks,External outlinks,Last modified,Mixed content,Content hash,Is AMP
https://www.wkroadside.com/roadside-assistance,1,46,https,No,403,No,0,0.164,,,,,No,,,No,,No,,,,No,,Yes,,,Yes,0,0,0,0,100,52,9,52,2,0,0,0,0,1,,Dofollow,1,1,0,0,0,0,0,,,53120a5ec0891de46cc62e6f248d592f,No
https://www.wkroadside.com/jumpstart,1,36,https,No,403,No,0,0.164,,,,,No,,,No,,No,,,,No,,Yes,,,Yes,0,0,0,0,100,52,9,52,2,0,0,0,0,1,,Dofollow,1,1,0,0,0,0,0,,,53120a5ec0891de46cc62e6f248d592f,No
https://www.wkroadside.com/fuel-delivery,1,40,https,No,403,No,0,0.335,,,,,No,,,No,,No,,,,No,,Yes,,,Yes,0,0,0,0,100,52,9,52,2,0,0,0,0,1,,Dofollow,1,1,0,0,0,0,0,,,53120a5ec0891de46cc62e6f248d592f,No
https://www.wkroadside.com/tire-change,1,38,https,No,403,No,0,0.334,,,,,No,,,No,,No,,,,No,,Yes,,,Yes,0,0,0,0,100,52,9,52,2,0,0,0,0,1,,Dofollow,1,1,0,0,0,0,0,,,53120a5ec0891de46cc62e6f248d592f,No
https://www.wkroadside.com/tire-replacement,1,43,https,No,403,No,0,0.17,,,,,No,,,No,,No,,,,No,,Yes,,,Yes,0,0,0,0,100,52,9,52,2,0,0,0,0,1,,Dofollow,1,1,0,0,0,0,0,,,53120a5ec0891de46cc62e6f248d592f,No
https://www.wkroadside.com/mobile-mechanic,1,42,https,No,403,No,0,0.339,,,,,No,,,No,,No,,,,No,,Yes,,,Yes,0,0,0,0,100,52,9,52,2,0,0,0,0,1,,Dofollow,1,1,0,0,0,0,0,,,53120a5ec0891de46cc62e6f248d592f,No
https://www.wkroadside.com/portland,1,35,https,No,403,No,0,0.353,,,,,No,,,No,,No,,,,No,,Yes,,,Yes,0,0,0,0,100,52,9,52,2,0,0,0,0,1,,Dofollow,1,1,0,0,0,0,0,,,53120a5ec0891de46cc62e6f248d592f,No
https://www.wkroadside.com/vancouver,1,36,https,No,403,No,0,0.354,,,,,No,,,No,,No,,,,No,,Yes,,,Yes,0,0,0,0,100,52,9,52,2,0,0,0,0,1,,Dofollow,1,1,0,0,0,0,0,,,53120a5ec0891de46cc62e6f248d592f,No
https://www.wkroadside.com/blog/flat-tire-prevention,1,52,https,No,403,No,0,0.342,,,,,No,,,No,,No,,,,No,,Yes,,,Yes,0,0,0,0,100,52,9,52,2,0,0,0,0,1,,Dofollow,1,1,0,0,0,0,0,,,53120a5ec0891de46cc62e6f248d592f,No
https://www.wkroadside.com/blog/winter-battery-care,1,51,https,No,403,No,0,0.341,,,,,No,,,No,,No,,,,No,,Yes,,,Yes,0,0,0,0,100,52,9,52,2,0,0,0,0,1,,Dofollow,1,1,0,0,0,0,0,,,53120a5ec0891de46cc62e6f248d592f,No
https://www.wkroadside.com/blog/emergency-kit-guide,1,51,https,No,403,No,0,0.341,,,,,No,,,No,,No,,,,No,,Yes,,,Yes,0,0,0,0,100,52,9,52,2,0,0,0,0,1,,Dofollow,1,1,0,0,0,0,0,,,53120a5ec0891de46cc62e6f248d592f,No
https://www.wkroadside.com/blog/fuel-efficiency-tips,1,52,https,No,403,No,0,0.175,,,,,No,,,No,,No,,,,No,,Yes,,,Yes,0,0,0,0,100,52,9,52,2,0,0,0,0,1,,Dofollow,1,1,0,0,0,0,0,,,53120a5ec0891de46cc62e6f248d592f,No
